scope,attack_category,comparison,rows,normal_rows,attack_rows,unique_signatures,normal_signatures,attack_signatures,threshold,tp,fp,fn,tn,precision,recall,f1,false_positive_rate,pr_auc,average_precision,precision_ci_low,precision_ci_high,precision_bootstrap_valid,recall_ci_low,recall_ci_high,recall_bootstrap_valid,f1_ci_low,f1_ci_high,f1_bootstrap_valid,pr_auc_ci_low,pr_auc_ci_high,pr_auc_bootstrap_valid,average_precision_ci_low,average_precision_ci_high,average_precision_bootstrap_valid,false_positive_rate_ci_low,false_positive_rate_ci_high,false_positive_rate_bootstrap_valid,uncertainty_flags
benchmark_all,Analysis,this attack category versus normal rows in this scope; other attacks excluded,37677,37000,677,28248,28104,149,0.8631127466983196,618,1095,59,35905,0.3607705779334501,0.912850812407681,0.5171548117154812,0.029594594594594594,0.8456023674845561,0.8562677098262816,0.24592524342524344,0.4476672656563961,400,0.8633341673780577,0.9417487030527708,400,0.3850993416069452,0.6048561435029699,400,0.7083526916090856,0.8993241652398429,400,0.7467741685954561,0.9090523243826857,400,0.027046881465215906,0.03238019675855949,400,
benchmark_all,Backdoor,this attack category versus normal rows in this scope; other attacks excluded,37583,37000,583,28261,28104,163,0.8631127466983196,564,1095,19,35905,0.3399638336347197,0.967409948542024,0.5031222123104371,0.029594594594594594,0.8585729991705664,0.8626836433746141,0.25414674416382455,0.41928473086271784,400,0.945102860208891,0.9814246071222876,400,0.40118378195497345,0.585859804927569,400,0.7433542107092818,0.912988361933978,400,0.7523738350562316,0.9158495593519178,400,0.026813696379699763,0.03222677232297476,400,
benchmark_all,DoS,this attack category versus normal rows in this scope; other attacks excluded,41089,37000,4089,29422,28104,1339,0.8631127466983196,3635,1095,454,35905,0.7684989429175476,0.8889704084128148,0.8243565030048758,0.029594594594594594,0.9258464525669997,0.9263307270534792,0.6639952419920181,0.8382421093158031,400,0.8190804710335259,0.9262099510677191,400,0.733590479080695,0.8790085628222206,400,0.8484553874666847,0.9614839740604301,400,0.8487152603147928,0.9620005379958887,400,0.027078583329546276,0.032207171231068796,400,
benchmark_all,Exploits,this attack category versus normal rows in this scope; other attacks excluded,48132,37000,11132,35299,28104,7214,0.8631127466983196,9707,1095,1425,35905,0.8986298833549343,0.8719906575637801,0.8851098750797848,0.029594594594594594,0.9517336804181433,0.9517598762323551,0.8809945773295061,0.9148917545997098,400,0.849594432141863,0.8912196660672139,400,0.865380519989548,0.902505228555984,400,0.9361888053763834,0.9640396018063151,400,0.9361929480013473,0.9642684042872861,400,0.027123800379361063,0.03209087323230752,400,
benchmark_all,Fuzzers,this attack category versus normal rows in this scope; other attacks excluded,43062,37000,6062,32050,28104,4028,0.8631127466983196,2513,1095,3549,35905,0.6965077605321508,0.41454965357967666,0.5197518097207859,0.029594594594594594,0.6280648927745514,0.6282665674947148,0.6469750218517295,0.7335823292768369,400,0.35839162597761026,0.46128060081568695,400,0.463770024766455,0.5662607716004413,400,0.5596582638561658,0.6815432891157825,400,0.5599645582706528,0.6819858298624015,400,0.02722193330539757,0.032074141825129306,400,
benchmark_all,Generic,this attack category versus normal rows in this scope; other attacks excluded,55871,37000,18871,28799,28104,707,0.8631127466983196,18698,1095,173,35905,0.9446774112059819,0.9908324943034286,0.9672046348024002,0.029594594594594594,0.9979838404514433,0.9979879496258374,0.8894983089528667,0.9647696771949814,400,0.9795623131727457,0.9945095303839074,400,0.9315473614023343,0.9790832349848299,400,0.9923802507394072,0.9992145220548494,400,0.992386942607997,0.999214472037895,400,0.02711267220518282,0.03222435712860193,400,
benchmark_all,Reconnaissance,this attack category versus normal rows in this scope; other attacks excluded,40496,37000,3496,30063,28104,1970,0.8631127466983196,3252,1095,244,35905,0.7481021394064873,0.9302059496567505,0.8292745123039653,0.029594594594594594,0.9011105741593545,0.9025138519020071,0.6950516976414803,0.7871069054005442,400,0.9101515994385252,0.9459389777508895,400,0.7897190149758017,0.8585171734183688,400,0.8499176247783848,0.9297515213678509,400,0.8529692843210743,0.9310661240091157,400,0.027616070160618296,0.03223586569420849,400,
benchmark_all,Shellcode,this attack category versus normal rows in this scope; other attacks excluded,37378,37000,378,28456,28104,370,0.8631127466983196,196,1095,182,35905,0.15182029434546862,0.5185185185185185,0.23487118034751348,0.029594594594594594,0.20390221402944855,0.2051126467693045,0.13226421011775633,0.1719657958660399,400,0.46797433656443665,0.5697060257773503,400,0.20736629628205622,0.26263203463203466,400,0.15998617709332424,0.24492787535341895,400,0.1621342629182241,0.24665969642286548,400,0.026606947016782897,0.032233559834844126,400,
benchmark_all,Worms,this attack category versus normal rows in this scope; other attacks excluded,37044,37000,44,28148,28104,44,0.8631127466983196,35,1095,9,35905,0.030973451327433628,0.7954545454545454,0.059625212947189095,0.029594594594594594,0.18859121081322308,0.189398654364511,0.020510204081632653,0.04078297819520236,400,0.6664893617021276,0.8975,400,0.039995475113122174,0.07779894335810057,400,0.09143103244704542,0.30880179624917864,400,0.09291358086422428,0.3100573221580611,400,0.027249701751559094,0.03226611471120824,400,
benchmark_seen_in_fit,Analysis,this attack category versus normal rows in this scope; other attacks excluded,6586,6299,287,1352,1340,16,0.8631127466983196,286,135,1,6164,0.6793349168646081,0.9965156794425087,0.807909604519774,0.02143197332909986,0.977015996136868,0.9816673612384323,0.3909577933511762,0.8000072358900145,400,0.9814542483660131,1.0,400,0.558810541972669,0.887836729731948,400,0.7937367053243234,0.9982127172294882,400,0.9337166638734063,0.9979461086377476,400,0.016021967596457003,0.028410640905033934,400,fewer than 20 attack signatures
benchmark_seen_in_fit,Backdoor,this attack category versus normal rows in this scope; other attacks excluded,6498,6299,199,1351,1340,16,0.8631127466983196,197,135,2,6164,0.5933734939759037,0.9899497487437185,0.7419962335216572,0.02143197332909986,0.9621711771422261,0.9711932642777058,0.32220770020032247,0.7505029262266864,400,0.9534414853713429,1.0,400,0.4813361681739235,0.8571500286861732,400,0.7278790635129562,0.9951719271988553,400,0.907939733478239,0.9954157592539278,400,0.015728320559849778,0.02894442072148289,400,fewer than 20 attack signatures
benchmark_seen_in_fit,DoS,this attack category versus normal rows in this scope; other attacks excluded,8213,6299,1914,1403,1340,80,0.8631127466983196,1846,135,68,6164,0.9318525996971226,0.9644723092998955,0.9478818998716303,0.02143197332909986,0.9823127055384999,0.9827597326997128,0.8210626925333724,0.9635180025262685,400,0.8974594652406417,0.9863540937718684,400,0.8634336526533117,0.9734220621626398,400,0.9225609650925027,0.9947404905222463,400,0.9229818169831986,0.9953383302195352,400,0.015955403760631825,0.02838026660687762,400,
benchmark_seen_in_fit,Exploits,this attack category versus normal rows in this scope; other attacks excluded,8213,6299,1914,1394,1340,67,0.8631127466983196,1862,135,52,6164,0.9323985978968453,0.9728317659352143,0.9521861416517514,0.02143197332909986,0.9854496137154057,0.9857807189259483,0.8375823165804783,0.9664986532788814,400,0.9175768445469193,0.9910219490887913,400,0.8768368002520383,0.9757987620151684,400,0.9347254369952432,0.995081073051796,400,0.935346232872702,0.995628133843756,400,0.015965818553738697,0.028131127284042448,400,
benchmark_seen_in_fit,Fuzzers,this attack category versus normal rows in this scope; other attacks excluded,7324,6299,1025,1426,1340,130,0.8631127466983196,592,135,433,6164,0.8143053645116919,0.577560975609756,0.6757990867579908,0.02143197332909986,0.7564671077366432,0.7556618794134531,0.6404494764041887,0.8926282924197747,400,0.3396850738441455,0.7571300433696938,400,0.4476695652173913,0.8095532642487044,400,0.5084570655817034,0.8960062189464411,400,0.5324271486974265,0.8934727007297164,400,0.015532213644745382,0.0283347503415179,400,
benchmark_seen_in_fit,Generic,this attack category versus normal rows in this scope; other attacks excluded,24363,6299,18064,1388,1340,55,0.8631127466983196,18048,135,16,6164,0.9925754825936314,0.9991142604074402,0.9958341379976274,0.02143197332909986,0.9999552468633596,0.9999550410360267,0.9845523862234803,0.9957869787343206,400,0.9978199607862663,0.9996251869514269,400,0.991026636103195,0.9976565246565002,400,0.9997471010151573,0.9999889622964274,400,0.999746672809978,0.9999889092984974,400,0.015557206658343944,0.028524877732583522,400,
benchmark_seen_in_fit,Reconnaissance,this attack category versus normal rows in this scope; other attacks excluded,7207,6299,908,1404,1340,72,0.8631127466983196,898,135,10,6164,0.8693126815101646,0.9889867841409692,0.9252962390520351,0.02143197332909986,0.9563966858103335,0.9599909021282037,0.7347723107919581,0.9210087078651685,400,0.9703953803919094,0.9973237109985156,400,0.8398918591154948,0.9551473357936208,400,0.8958177826317049,0.9843377551220265,400,0.9090281543019567,0.985404864174382,400,0.016066990099456245,0.028808741148421826,400,
benchmark_seen_in_fit,Shellcode,this attack category versus normal rows in this scope; other attacks excluded,6377,6299,78,1401,1340,74,0.8631127466983196,62,135,16,6164,0.3147208121827411,0.7948717948717948,0.4509090909090909,0.02143197332909986,0.41202564189255875,0.41529097246693836,0.2389616435583443,0.39504962311557784,400,0.6999242424242423,0.8837432915921288,400,0.3621797066336608,0.537962382445141,400,0.294520853564838,0.5187957243216789,400,0.3023708566191437,0.5234257042247291,400,0.01572426392251715,0.027889964768004337,400,
benchmark_seen_in_fit,Worms,this attack category versus normal rows in this scope; other attacks excluded,6302,6299,3,1343,1340,3,0.8631127466983196,1,135,2,6164,0.007352941176470588,0.3333333333333333,0.014388489208633094,0.02143197332909986,0.004182002120523686,0.007435479793270087,0.0,0.026152447734060506,400,0.0,1.0,383,0.0,0.0506491398896462,400,0.00041584904253394667,0.026782713504637786,383,0.0008316980850678933,0.051817173142940806,383,0.015853723153035966,0.028556972601838104,400,fewer than 20 attack signatures
benchmark_unseen_in_fit,Analysis,this attack category versus normal rows in this scope; other attacks excluded,31091,30701,390,26896,26764,133,0.8631127466983196,332,960,58,29741,0.25696594427244585,0.8512820512820513,0.3947681331747919,0.03126933976091984,0.7465085801439052,0.7568721673471115,0.16851856961959338,0.34597615847055735,400,0.7587282999102065,0.904521688731621,400,0.27665003153579315,0.5016358779681469,400,0.6167667586276763,0.8243264667682807,400,0.6300872268810922,0.8356422014487487,400,0.028305729775220535,0.034113258953268784,400,
benchmark_unseen_in_fit,Backdoor,this attack category versus normal rows in this scope; other attacks excluded,31085,30701,384,26910,26764,147,0.8631127466983196,367,960,17,29741,0.2765636774679729,0.9557291666666666,0.4289888953828171,0.03126933976091984,0.8122221928043311,0.8154125457390249,0.21390735071433276,0.34152890279823267,400,0.9296535296026431,0.9763837086153705,400,0.34729020010538975,0.5043173785931018,400,0.741759447048372,0.8677171318882471,400,0.747033704386536,0.8761467165573564,400,0.028550259855870702,0.033879513115079654,400,
benchmark_unseen_in_fit,DoS,this attack category versus normal rows in this scope; other attacks excluded,32876,30701,2175,28019,26764,1259,0.8631127466983196,1789,960,386,29741,0.6507821025827574,0.8225287356321839,0.7266450040617384,0.03126933976091984,0.8520742873062849,0.8536330338861012,0.5535281908409179,0.7516750284786349,400,0.7557359307359307,0.8886765533094749,400,0.6419257155927909,0.8146645173682817,400,0.7680146912181514,0.9147240965062173,400,0.7683380030419794,0.920482901370453,400,0.028699707109048036,0.03379923914221991,400,
benchmark_unseen_in_fit,Exploits,this attack category versus normal rows in this scope; other attacks excluded,39919,30701,9218,33905,26764,7147,0.8631127466983196,7845,960,1373,29741,0.8909710391822828,0.851052288999783,0.8705542917383343,0.03126933976091984,0.9475757373877256,0.9475953862407787,0.8792661498983271,0.9034906536964981,400,0.836491541243776,0.8685675480351956,400,0.8586513963207012,0.8843312001875093,400,0.9395018259925658,0.9563593396274156,400,0.939512284733218,0.9564527599044466,400,0.028622566317816477,0.03409297765928269,400,
benchmark_unseen_in_fit,Fuzzers,this attack category versus normal rows in this scope; other attacks excluded,35738,30701,5037,30624,26764,3898,0.8631127466983196,1921,960,3116,29741,0.6667823672335994,0.38137780424856066,0.48522354129830764,0.03126933976091984,0.6000402374070324,0.6003507997251809,0.630752901149295,0.709184380780796,400,0.3455870853027215,0.4273274597442353,400,0.4483798775435973,0.5320794318121831,400,0.557209321708101,0.6486279298927958,400,0.557537514050241,0.6493502366828354,400,0.028712994961135045,0.03387983563907307,400,
benchmark_unseen_in_fit,Generic,this attack category versus normal rows in this scope; other attacks excluded,31508,30701,807,27411,26764,652,0.8631127466983196,650,960,157,29741,0.40372670807453415,0.80545229244114,0.5378568473314026,0.03126933976091984,0.7655146361404153,0.765787241056717,0.36138214702695437,0.455529742228455,400,0.760437288667103,0.8463383953285557,400,0.4948558144863633,0.590330922507259,400,0.7139580293440407,0.8188856365346646,400,0.7143680122179921,0.8189823570465093,400,0.02848241597765741,0.03371287923972416,400,
benchmark_unseen_in_fit,Reconnaissance,this attack category versus normal rows in this scope; other attacks excluded,33289,30701,2588,28659,26764,1898,0.8631127466983196,2354,960,234,29741,0.7103198551599276,0.9095826893353941,0.7976956963741104,0.03126933976091984,0.8735064840438317,0.8770250793625717,0.6593979957568133,0.7585745454766015,400,0.8873654665584613,0.9298665534883184,400,0.7571328072053919,0.8335284920617574,400,0.8192930754484788,0.90847007230583,400,0.8247586909638189,0.9163995170469359,400,0.02815969687347005,0.03396040523261722,400,
benchmark_unseen_in_fit,Shellcode,this attack category versus normal rows in this scope; other attacks excluded,31001,30701,300,27055,26764,296,0.8631127466983196,134,960,166,29741,0.12248628884826325,0.44666666666666666,0.19225251076040173,0.03126933976091984,0.155747955419273,0.1583293289239214,0.10181213182614234,0.1416043041861631,400,0.38513887887310405,0.5020946627052549,400,0.16348221966225154,0.2192965886309106,400,0.11711557386104084,0.19723769714301745,400,0.12018065593445357,0.20201996465591776,400,0.028111798045426198,0.033948672214874166,400,
benchmark_unseen_in_fit,Worms,this attack category versus normal rows in this scope; other attacks excluded,30742,30701,41,26805,26764,41,0.8631127466983196,34,960,7,29741,0.03420523138832998,0.8292682926829268,0.06570048309178744,0.03126933976091984,0.20661795144470232,0.20764991726243565,0.023931489109050172,0.046639029132649105,400,0.7142857142857143,0.941218487394958,400,0.04619792934973774,0.08825388092547433,400,0.10257195046740736,0.3212938584824645,400,0.10550802497081095,0.3237184947413039,400,0.02835988959283937,0.033871026804905294,400,
benchmark_unseen_in_any_development,Analysis,this attack category versus normal rows in this scope; other attacks excluded,28523,28217,306,26575,26445,130,0.8631127466983196,248,934,58,27283,0.2098138747884941,0.8104575163398693,0.3333333333333333,0.033100613105574654,0.7059911514228726,0.7146929380557457,0.14980324740889703,0.2794379708642615,400,0.7262473256311511,0.8696589710535567,400,0.24777835889730984,0.4227061492655185,400,0.5971737511626208,0.7902735821243713,400,0.6096325335742034,0.8025268886348844,400,0.0310406360793563,0.03542181509649485,400,
benchmark_unseen_in_any_development,Backdoor,this attack category versus normal rows in this scope; other attacks excluded,28549,28217,332,26589,26445,144,0.8631127466983196,315,934,17,27283,0.2522017614091273,0.9487951807228916,0.3984819734345351,0.033100613105574654,0.8038763512740966,0.8063133127588366,0.19473483626246763,0.32088763102632084,400,0.9131667811355311,0.9709564164648911,400,0.3220092662725386,0.48167524956671365,400,0.7153046283530758,0.8669289989597163,400,0.7182842246525616,0.872885199762063,400,0.03097524442314321,0.03534276965558023,400,
benchmark_unseen_in_any_development,DoS,this attack category versus normal rows in this scope; other attacks excluded,29820,28217,1603,27686,26445,1243,0.8631127466983196,1230,934,373,27283,0.5683918669131238,0.7673112913287585,0.6530395540217679,0.033100613105574654,0.784326935716904,0.7844696375163535,0.5384241341236634,0.6003761292063962,400,0.7379733788676761,0.7943069452372159,400,0.6260485976789169,0.6807155216078773,400,0.7538577814884496,0.8096318156101496,400,0.7540891426116575,0.8099804731186802,400,0.03088661545130352,0.03516446597493794,400,
benchmark_unseen_in_any_development,Exploits,this attack category versus normal rows in this scope; other attacks excluded,36859,28217,8642,33573,26445,7132,0.8631127466983196,7297,934,1345,27283,0.886526545984692,0.8443647303864846,0.864932140105494,0.033100613105574654,0.9457056006702221,0.9457109614016256,0.8785935914208123,0.8942392777095398,400,0.835139670181899,0.8533713852745615,400,0.8578981228397717,0.8719212697158566,400,0.9414025732138308,0.9500518868296696,400,0.9414118513681449,0.950061417131459,400,0.030864387646427804,0.03532128497685191,400,
benchmark_unseen_in_any_development,Fuzzers,this attack category versus normal rows in this scope; other attacks excluded,32930,28217,4713,30281,26445,3861,0.8631127466983196,1762,934,2951,27283,0.6535608308605341,0.3738595374496075,0.47563773788635444,0.033100613105574654,0.5923230742049957,0.5924931459980142,0.6205801642632701,0.6840321243605129,400,0.34484773733135227,0.4049913414370355,400,0.44597274811650006,0.5089870461271958,400,0.5620218101597675,0.6284425352139811,400,0.562224046707516,0.6291374368459773,400,0.03101732840677891,0.03539916826708142,400,
benchmark_unseen_in_any_development,Generic,this attack category versus normal rows in this scope; other attacks excluded,28985,28217,768,27080,26445,638,0.8631127466983196,617,934,151,27283,0.3978078658929723,0.8033854166666666,0.5321259163432513,0.033100613105574654,0.7637765363106448,0.7641143036001762,0.35193539345943753,0.4455581201955851,400,0.7551756670805948,0.8461562897077509,400,0.4806196872545235,0.5803834421820052,400,0.7063684120833453,0.8180480894238724,400,0.7066843343063893,0.818150143876077,400,0.030944627600986173,0.03522075805925391,400,
benchmark_unseen_in_any_development,Reconnaissance,this attack category versus normal rows in this scope; other attacks excluded,30130,28217,1913,28318,26445,1874,0.8631127466983196,1683,934,230,27283,0.6431027894535728,0.8797699947726084,0.743046357615894,0.033100613105574654,0.7862650961719861,0.7865384889849023,0.6217536754856734,0.6620738131838335,400,0.8651585848418056,0.893251700680272,400,0.7275675863407327,0.7583296421732642,400,0.7604685736564047,0.8113054867959711,400,0.7610995853834936,0.8118674896735191,400,0.030914199457787978,0.035352720809341806,400,
benchmark_unseen_in_any_development,Shellcode,this attack category versus normal rows in this scope; other attacks excluded,28496,28217,279,26718,26445,276,0.8631127466983196,121,934,158,27283,0.11469194312796209,0.4336917562724014,0.18140929535232383,0.033100613105574654,0.15484500672366397,0.15755498542974075,0.09385596532675537,0.13384426024990587,400,0.3741703987803135,0.48830500163452106,400,0.151145222227541,0.2100775768072996,400,0.11576048799604977,0.20318964103660503,400,0.12028833937648505,0.20634590713125234,400,0.030849219974355805,0.03539273412161597,400,
benchmark_unseen_in_any_development,Worms,this attack category versus normal rows in this scope; other attacks excluded,28258,28217,41,26486,26445,41,0.8631127466983196,34,934,7,27283,0.03512396694214876,0.8292682926829268,0.06739345887016848,0.033100613105574654,0.20852099933309334,0.20961462721617335,0.024869822675634794,0.047478354978354974,400,0.7103557504873295,0.9348001402524544,400,0.048431055377797155,0.08995383851908727,400,0.10196315050291832,0.34553493094727233,400,0.10362780563123639,0.34697802350746904,400,0.03103911476040319,0.03510891908169806,400,
three_way_grouped_seed_42,Analysis,this attack category versus normal rows in this scope; other attacks excluded,13665,13248,417,8443,8340,106,0.8856722127727313,300,95,117,13153,0.759493670886076,0.7194244604316546,0.7389162561576355,0.007170893719806763,0.7056739872104295,0.76090994711693,0.17114189189189188,0.8891574639289679,400,0.1428318135764944,0.8722339278487152,400,0.15633404732632858,0.8774712816259884,400,0.14218199015983365,0.844065658350373,400,0.14678935060716983,0.9128569602132186,400,0.00475744672612062,0.010372368907598817,400,
three_way_grouped_seed_42,Backdoor,this attack category versus normal rows in this scope; other attacks excluded,13605,13248,357,8434,8340,99,0.8856722127727313,324,95,33,13153,0.7732696897374701,0.907563025210084,0.8350515463917526,0.007170893719806763,0.8658279939540662,0.9101886032881985,0.4071708231887873,0.8921874327540943,400,0.639340037181004,0.9608311599074184,400,0.5033565194566573,0.9241325258672398,400,0.4756042804507994,0.931316329724982,400,0.4826247463436629,0.9714762829259439,400,0.0047382337262661485,0.010328236332403285,400,
three_way_grouped_seed_42,DoS,this attack category versus normal rows in this scope; other attacks excluded,15736,13248,2488,8862,8340,531,0.8856722127727313,2240,95,248,13153,0.9593147751605996,0.9003215434083601,0.9288824383164006,0.007170893719806763,0.9656242402719653,0.9707850843933103,0.8357621440536014,0.9820338218981219,400,0.6669794506355506,0.9529988875154064,400,0.7459254832043438,0.966452866571035,400,0.8144067392984993,0.9858377861846181,400,0.8154283930577009,0.9924962702647588,400,0.004394748206098207,0.010260823313581458,400,
three_way_grouped_seed_42,Exploits,this attack category versus normal rows in this scope; other attacks excluded,19915,13248,6667,12075,8340,3750,0.8856722127727313,5611,95,1056,13153,0.9833508587451805,0.8416079196040198,0.9069748646245858,0.007170893719806763,0.9794317762633491,0.9798134241099603,0.9713508337987712,0.9911007742280289,400,0.7578267810708201,0.9002415411445922,400,0.8512938627208168,0.9435934599363518,400,0.9575483956695193,0.9923399309699678,400,0.9575519753570514,0.9928047551215329,400,0.004558413977634514,0.010254259426352243,400,
three_way_grouped_seed_42,Fuzzers,this attack category versus normal rows in this scope; other attacks excluded,16712,13248,3464,10843,8340,2552,0.8856722127727313,1092,95,2372,13153,0.9199663016006739,0.31524249422632794,0.4695764351752311,0.007170893719806763,0.7623592025682475,0.7634167478723827,0.891488214602901,0.9449271243115657,400,0.24922663050948038,0.39334848484848484,400,0.39075856409814286,0.5532562213528207,400,0.6816388988020522,0.8615259741494963,400,0.6829517219670944,0.8668426144057062,400,0.004733045022213868,0.010414841289418282,400,
three_way_grouped_seed_42,Generic,this attack category versus normal rows in this scope; other attacks excluded,13538,13248,290,8475,8340,140,0.8856722127727313,238,95,52,13153,0.7147147147147147,0.8206896551724138,0.7640449438202247,0.007170893719806763,0.8484806030805393,0.8496700486703274,0.5700865963855422,0.8082055020283976,400,0.6884543325526932,0.8891911505981702,400,0.632853580334877,0.8413659140088547,400,0.6859803201725782,0.915851397660566,400,0.6911663080329384,0.9187897050294251,400,0.004842716126673115,0.010157494359406013,400,
three_way_grouped_seed_42,Reconnaissance,this attack category versus normal rows in this scope; other attacks excluded,16806,13248,3558,9398,8340,1066,0.8856722127727313,3382,95,176,13153,0.9726775956284153,0.9505340078695896,0.9614783226723526,0.007170893719806763,0.984189779596361,0.9855397646687094,0.9421489715729121,0.9844411208174464,400,0.8942341609589042,0.9723848569309861,400,0.9205501896671938,0.9775547917884587,400,0.959274801538164,0.9913496809400975,400,0.9618429038209468,0.99276372677915,400,0.00447965165969362,0.010396782590939013,400,
three_way_grouped_seed_42,Shellcode,this attack category versus normal rows in this scope; other attacks excluded,13487,13248,239,8530,8340,198,0.8856722127727313,91,95,148,13153,0.489247311827957,0.3807531380753138,0.42823529411764705,0.007170893719806763,0.41398113309152096,0.4158846416601175,0.41066148233486943,0.5586712320538235,400,0.3034059474412171,0.4536402216882412,400,0.35233959588798297,0.4954657228017884,400,0.342796912400824,0.49094851287999214,400,0.3468522541254692,0.4937532455559462,400,0.00503783425917859,0.010199841589828682,400,
three_way_grouped_seed_42,Worms,this attack category versus normal rows in this scope; other attacks excluded,13274,13248,26,8365,8340,25,0.8856722127727313,12,95,14,13153,0.11214953271028037,0.46153846153846156,0.18045112781954886,0.007170893719806763,0.19742499061990734,0.20168672501912882,0.05077819426336376,0.1803053053053052,400,0.2631006864988558,0.6666666666666666,400,0.0851063829787234,0.2816991693752257,400,0.060204714377927696,0.32755210522697853,400,0.06951397338442258,0.3322119446627124,400,0.004645984207633396,0.010143749015096936,400,
three_way_grouped_seed_43,Analysis,this attack category versus normal rows in this scope; other attacks excluded,10836,10563,273,8381,8298,84,0.8961892991237171,182,199,91,10364,0.4776902887139108,0.6666666666666666,0.5565749235474006,0.01883934488308246,0.5299936560161747,0.6025080660832809,0.09754939981532781,0.8005857655113323,400,0.20134357301157352,0.8510233195453933,400,0.12962884110425094,0.8021120932598326,400,0.09884979480625139,0.7231311823080258,400,0.10792193017742283,0.8341708936186131,400,0.00732481596655639,0.04003400976739015,400,
three_way_grouped_seed_43,Backdoor,this attack category versus normal rows in this scope; other attacks excluded,10832,10563,269,8412,8298,118,0.8961892991237171,209,199,60,10364,0.5122549019607843,0.7769516728624535,0.6174298375184638,0.01883934488308246,0.6444501299743985,0.6995399067216945,0.17962650214838813,0.8187487753902424,400,0.5132629906966191,0.8949187380497132,400,0.2688463159558494,0.8385885137095603,400,0.30361300992418494,0.7908570803933304,400,0.31051549776944354,0.8832633270071283,400,0.0072885278328007445,0.03997043687715625,400,
three_way_grouped_seed_43,DoS,this attack category versus normal rows in this scope; other attacks excluded,12377,10563,1814,8813,8298,522,0.8961892991237171,1505,199,309,10364,0.8832159624413145,0.8296582138919515,0.8555997725980671,0.01883934488308246,0.9150101354452714,0.9227411557069248,0.6694846705805609,0.9690013826688763,400,0.6086914391641389,0.9115439669533949,400,0.6393483928966878,0.9363446641828116,400,0.7317180972977956,0.9602961233803654,400,0.7322768939797736,0.974887796494804,400,0.007012830093505689,0.03948040615480972,400,
three_way_grouped_seed_43,Exploits,this attack category versus normal rows in this scope; other attacks excluded,16480,10563,5917,12046,8298,3757,0.8961892991237171,4626,199,1291,10364,0.9587564766839378,0.7818151090079433,0.8612921243716254,0.01883934488308246,0.9674889068043547,0.9678299032534462,0.8952945488205647,0.9859493937213977,400,0.7181437432027967,0.8372312409069995,400,0.8091876258036779,0.9017900336382016,400,0.9403151133564134,0.9822140772483012,400,0.9406422651809271,0.9832954593845872,400,0.006942654235324785,0.04716588190384652,400,
three_way_grouped_seed_43,Fuzzers,this attack category versus normal rows in this scope; other attacks excluded,14538,10563,3975,10881,8298,2637,0.8961892991237171,1014,199,2961,10364,0.8359439406430338,0.2550943396226415,0.3909020817270625,0.01883934488308246,0.7827164343016059,0.7807748963063328,0.7264857093063785,0.931457892806704,400,0.1889865464515277,0.3269121511041249,400,0.3110835147334105,0.46667609574387786,400,0.732881495099496,0.830749457906804,400,0.7254314211611769,0.829001589704634,400,0.007076307577931616,0.03976541532933869,400,
three_way_grouped_seed_43,Generic,this attack category versus normal rows in this scope; other attacks excluded,13029,10563,2466,8435,8298,140,0.8961892991237171,2418,199,48,10364,0.9239587313717997,0.9805352798053528,0.9514066496163683,0.01883934488308246,0.9325344397135782,0.9927812549806201,0.3517791154471099,0.986548257836416,400,0.7314174357695187,0.9943832880136372,400,0.47267854256828346,0.9900784669218831,400,0.5821967335309438,0.9794495740804278,400,0.5963167139308687,0.9989542372641658,400,0.007281645817678351,0.039531111984077466,400,
three_way_grouped_seed_43,Reconnaissance,this attack category versus normal rows in this scope; other attacks excluded,12028,10563,1465,9409,8298,1119,0.8961892991237171,1216,199,249,10364,0.8593639575971731,0.8300341296928327,0.8444444444444444,0.01883934488308246,0.8307840090847648,0.8358254198691897,0.7075679433203468,0.9475761814203018,400,0.7862215087353928,0.8663167378077798,400,0.7566530159123989,0.8956901120670641,400,0.663508415017629,0.918148722950019,400,0.6639031579371549,0.9283179781191622,400,0.007053610714803949,0.04193311663595745,400,
three_way_grouped_seed_43,Shellcode,this attack category versus normal rows in this scope; other attacks excluded,10808,10563,245,8490,8298,205,0.8961892991237171,79,199,166,10364,0.2841726618705036,0.3224489795918367,0.30210325047801145,0.01883934488308246,0.2826012064494203,0.2936610370073509,0.13306454972453371,0.5272714013755834,400,0.23768334771354616,0.40651095494005784,400,0.18429731918717335,0.4425248780390573,400,0.18504619529080873,0.4292823309645432,400,0.19081154662360644,0.4556104672529224,400,0.007149172340606821,0.03931308668856339,400,
three_way_grouped_seed_43,Worms,this attack category versus normal rows in this scope; other attacks excluded,10588,10563,25,8321,8298,23,0.8961892991237171,8,199,17,10364,0.03864734299516908,0.32,0.06896551724137931,0.01883934488308246,0.16866885283011862,0.17286556370650577,0.009767610520985076,0.12359840148268272,400,0.14812091503267974,0.5454545454545454,400,0.018515114379084967,0.192,400,0.049604981377268244,0.37773267578942044,400,0.056967073420567955,0.3807034120181901,400,0.006998851291772196,0.03888684809166736,400,
three_way_grouped_seed_44,Analysis,this attack category versus normal rows in this scope; other attacks excluded,13427,13141,286,8395,8285,111,0.8873673484681391,181,104,105,13037,0.6350877192982456,0.6328671328671329,0.6339754816112084,0.00791416178373031,0.5100572253532798,0.6071585936658807,0.2307046979865772,0.8111357696517524,400,0.2186952627388535,0.8125432312252964,400,0.2237866024869635,0.8086581148651806,400,0.11759718007217249,0.6926632959911924,400,0.1256369178092091,0.8275332513885497,400,0.004898615043254445,0.011721703759627358,400,
three_way_grouped_seed_44,Backdoor,this attack category versus normal rows in this scope; other attacks excluded,13373,13141,232,8392,8285,109,0.8873673484681391,194,104,38,13037,0.6510067114093959,0.8362068965517241,0.7320754716981132,0.00791416178373031,0.7419941830136798,0.7965092235048895,0.37973316671567187,0.8084539636968567,400,0.6180441741357234,0.9200082417582418,400,0.47516035656721817,0.8551667316392585,400,0.42788235964090165,0.8431979917184546,400,0.4340129756062246,0.9195341703062202,400,0.005001962459355439,0.011339457083288765,400,
three_way_grouped_seed_44,DoS,this attack category versus normal rows in this scope; other attacks excluded,14883,13141,1742,8828,8285,547,0.8873673484681391,1491,104,251,13037,0.9347962382445141,0.8559127439724454,0.8936170212765957,0.00791416178373031,0.9332883475020042,0.9451015599289185,0.827822016762799,0.9686671719310118,400,0.6704849241405799,0.9251816541930421,400,0.7448755102040817,0.9461381965535128,400,0.8029447678183,0.9712631564465435,400,0.8035628879676433,0.9830390134256456,400,0.005098545034067375,0.011560081726332754,400,
three_way_grouped_seed_44,Exploits,this attack category versus normal rows in this scope; other attacks excluded,18990,13141,5849,12079,8285,3800,0.8873673484681391,4642,104,1207,13037,0.978086809945217,0.7936399384510172,0.8762623879188296,0.00791416178373031,0.9685457877832822,0.9689679712806814,0.9682456459891694,0.9855297787520106,400,0.7303426326472905,0.845540521996011,400,0.8335290624472222,0.910712491862759,400,0.9431388352208345,0.9852047164295021,400,0.9430120237086721,0.985865499577747,400,0.005058641410205159,0.011446660686515812,400,
three_way_grouped_seed_44,Fuzzers,this attack category versus normal rows in this scope; other attacks excluded,16524,13141,3383,10813,8285,2575,0.8873673484681391,991,104,2392,13037,0.9050228310502283,0.29293526455808455,0.44260830728003575,0.00791416178373031,0.728111158173723,0.7286066342510755,0.8792260529019004,0.9270782435141026,400,0.24310426267915333,0.35015648840670605,400,0.381330373853348,0.5053619547079193,400,0.6472791608924144,0.8356030211198114,400,0.6480276343579485,0.8363308296843776,400,0.0053535635819979875,0.01164681418672145,400,
three_way_grouped_seed_44,Generic,this attack category versus normal rows in this scope; other attacks excluded,13460,13141,319,8422,8285,139,0.8873673484681391,284,104,35,13037,0.7319587628865979,0.890282131661442,0.8033946251768034,0.00791416178373031,0.8605898802333449,0.8705221523958581,0.5986410596357815,0.8175330209979679,400,0.8124920685279188,0.933713347997021,400,0.6938140060240964,0.8644695012558307,400,0.7315280981390575,0.9218066068335381,400,0.7458547808036924,0.9322853727559942,400,0.005316791076499153,0.011708111641952682,400,
three_way_grouped_seed_44,Reconnaissance,this attack category versus normal rows in this scope; other attacks excluded,16274,13141,3133,9373,8285,1096,0.8873673484681391,2894,104,239,13037,0.9653102068045364,0.9237152888605171,0.9440548034578372,0.00791416178373031,0.9695654089422222,0.9778505832848283,0.9194168375542172,0.9811899726689141,400,0.8363015230094438,0.9600078070651915,400,0.8762537540902191,0.9689140617485342,400,0.89466946565729,0.9816728481440762,400,0.9231831674863029,0.9910349531510776,400,0.005098582878449923,0.01144031201207438,400,
three_way_grouped_seed_44,Shellcode,this attack category versus normal rows in this scope; other attacks excluded,13380,13141,239,8478,8285,202,0.8873673484681391,87,104,152,13037,0.45549738219895286,0.36401673640167365,0.4046511627906977,0.00791416178373031,0.35676565715939196,0.3626600590974232,0.3811754612961296,0.5283970919162194,400,0.28764362014536377,0.4464338650479955,400,0.3363886770767717,0.47396155556186204,400,0.28788911687725616,0.44844821991327416,400,0.2958493337651084,0.46195046045857224,400,0.005398026597656847,0.01179396475225837,400,
three_way_grouped_seed_44,Worms,this attack category versus normal rows in this scope; other attacks excluded,13165,13141,24,8307,8285,22,0.8873673484681391,9,104,15,13037,0.07964601769911504,0.375,0.13138686131386862,0.00791416178373031,0.2598319144217079,0.2621419158577125,0.03356676003734827,0.1351421734234234,400,0.17851890756302521,0.5927777777777776,400,0.05749441825849666,0.21134305835010053,400,0.09800103475743699,0.45881374877722986,400,0.10434737186779668,0.46100230572713524,400,0.004910729930793639,0.011345547554802372,400,
withheld_family_Analysis,Analysis,this attack category versus normal rows in this scope; other attacks excluded,15248,13248,2000,8854,8340,517,0.8780771763917271,1200,95,800,13153,0.9266409266409267,0.6,0.7283763277693475,0.007170893719806763,0.7969671376751141,0.8062976518721401,0.8240005330490405,0.9636333938174323,400,0.34743491207066585,0.7632122861869012,400,0.4919206005163676,0.8520370219896806,400,0.5996560089197651,0.8868116141878248,400,0.6130286416868953,0.9066239852011023,400,0.004358532098318105,0.010136014943573867,400,
withheld_family_Backdoor,Backdoor,this attack category versus normal rows in this scope; other attacks excluded,14994,13248,1746,8880,8340,545,0.8743330930895533,1250,95,496,13153,0.929368029739777,0.715922107674685,0.8087997411840828,0.007170893719806763,0.8648177252109883,0.8721090536879412,0.8367884267001116,0.9600837943140199,400,0.5128255338672005,0.8581712290752271,400,0.6453398728930644,0.9063630923325137,400,0.7375941535807949,0.9139179428026561,400,0.7507844309524688,0.9268724543212121,400,0.004682179484637001,0.010272115796573765,400,
withheld_family_DoS,DoS,this attack category versus normal rows in this scope; other attacks excluded,25512,13248,12264,11078,8340,2747,0.8729479537724804,8967,87,3297,13161,0.9903909874088801,0.7311643835616438,0.8412609062763862,0.006567028985507246,0.9788951007324385,0.9798169762740784,0.9793428282645775,0.9947378028363669,400,0.5387561167132856,0.8732436451377588,400,0.6965319295626573,0.9296623788879649,400,0.9565573137442007,0.9882545970171258,400,0.9580505634555443,0.9898188710280857,400,0.00420691465745939,0.009601380523882336,400,
withheld_family_Exploits,Exploits,this attack category versus normal rows in this scope; other attacks excluded,46641,13248,33393,27032,8340,18707,0.8481001565430693,17747,97,15646,13151,0.99456399910334,0.5314586889467853,0.6927415734722954,0.007321859903381643,0.9904411821503455,0.9905258928142507,0.9911022120769672,0.9966807066592023,400,0.4185434811725971,0.6391311021431783,400,0.5886982736621288,0.7789306788045033,400,0.9853538879207585,0.9939764427143974,400,0.9854327331696002,0.9941862167425876,400,0.00495752825263521,0.01038450830398546,400,
withheld_family_Fuzzers,Fuzzers,this attack category versus normal rows in this scope; other attacks excluded,31432,13248,18184,21118,8340,12827,0.7677624261407426,3012,176,15172,13072,0.944792973651192,0.16564012318521779,0.2818641212801797,0.013285024154589372,0.9145845608484283,0.9163952498841988,0.9037527137600173,0.9687666963808674,400,0.11767642286405697,0.2173088392237391,400,0.20881114586649066,0.35409169236930316,400,0.8880006205657152,0.9333057270389378,400,0.8894620106264411,0.9369800684297324,400,0.006875208250073243,0.023752351122282092,400,
withheld_family_Generic,Generic,this attack category versus normal rows in this scope; other attacks excluded,53248,13248,40000,9024,8340,689,0.8610168694417113,39666,108,334,13140,0.9972846583195052,0.99165,0.9944593476571314,0.008152173913043478,0.9970618380811327,0.9978928586802527,0.9913948890335954,0.9985373566656836,400,0.9717000564698597,0.996137245338585,400,0.9821803675977803,0.9971649270183862,400,0.9857139260144155,0.998336886064574,400,0.9942502947322072,0.9991243232685557,400,0.005171446971471859,0.011378607120341307,400,
withheld_family_Reconnaissance,Reconnaissance,this attack category versus normal rows in this scope; other attacks excluded,23739,13248,10491,13695,8340,5363,0.854584194296792,2653,117,7838,13131,0.9577617328519855,0.25288342388714136,0.40012065455093887,0.008831521739130434,0.9322734274748609,0.933678366274069,0.9321550999084188,0.9720728605160984,400,0.1610473833819364,0.3471750449996196,400,0.2749357352588836,0.5115819833644077,400,0.8945229074994588,0.9534126114775769,400,0.8965695082452367,0.9559829356956112,400,0.005626813725141779,0.01271774439775765,400,
withheld_family_Shellcode,Shellcode,this attack category versus normal rows in this scope; other attacks excluded,14381,13248,1133,9286,8340,954,0.8750620085147379,350,96,783,13152,0.7847533632286996,0.3089143865842895,0.44331855604813175,0.007246376811594203,0.6770695721295535,0.6776412930248885,0.7446088471722533,0.8221952307956069,400,0.2744223252740455,0.34004332573758694,400,0.40366942515235593,0.47821023242571814,400,0.6369798620079521,0.7097373844653546,400,0.6381846981922232,0.7124006946320114,400,0.00462542590032536,0.010491307686672545,400,
withheld_family_Worms,Worms,this attack category versus normal rows in this scope; other attacks excluded,13378,13248,130,8462,8340,122,0.8845279726112555,51,93,79,13155,0.3541666666666667,0.3923076923076923,0.3722627737226277,0.007019927536231884,0.408231831822635,0.4099445703936679,0.2754865016872891,0.4473842105263158,400,0.3092038403936671,0.483077750874361,400,0.3009781059722762,0.4512851285128512,400,0.33240189524979447,0.49227170400786086,400,0.3370536144649423,0.49457658400858,400,0.004433969155183879,0.010317718605458433,400,
