scope,rows,normal_rows,attack_rows,unique_signatures,normal_signatures,attack_signatures,threshold,tp,fp,fn,tn,precision,recall,f1,false_positive_rate,pr_auc,average_precision,precision_ci_low,precision_ci_high,precision_bootstrap_valid,recall_ci_low,recall_ci_high,recall_bootstrap_valid,f1_ci_low,f1_ci_high,f1_bootstrap_valid,pr_auc_ci_low,pr_auc_ci_high,pr_auc_bootstrap_valid,average_precision_ci_low,average_precision_ci_high,average_precision_bootstrap_valid,false_positive_rate_ci_low,false_positive_rate_ci_high,false_positive_rate_bootstrap_valid,uncertainty_flags
benchmark_all,82332,37000,45332,43336,28104,15356,0.8631127466983196,39218,1095,6114,35905,0.9728375462009774,0.8651283861290038,0.915826960126102,0.029594594594594594,0.9826100200715472,0.9826037626721912,0.9621459190646791,0.9799110033398455,400,0.8207861464020861,0.8984648124285382,400,0.8854218734570654,0.9371495520209162,400,0.9694411371562572,0.9901522519811238,400,0.9694378762288781,0.9901407828352152,400,0.02729194794171005,0.0321924526109643,400,
benchmark_seen_in_fit,30691,6299,24392,1632,1340,362,0.8631127466983196,23792,135,600,6164,0.99435783842521,0.9754017710724828,0.984788592479149,0.02143197332909986,0.998827704780394,0.9988004755259455,0.9893687099032684,0.9965213429292368,400,0.9536633865070598,0.9872918937644737,400,0.9716823095582536,0.9917359344214569,400,0.9962678963408368,0.9996695666887904,400,0.9961094618303261,0.9996559192428985,400,0.015535257307629566,0.02832966629960623,400,
benchmark_unseen_in_fit,51641,30701,20940,41704,26764,14994,0.8631127466983196,15426,960,5514,29741,0.9414134016843647,0.736676217765043,0.8265552162031827,0.03126933976091984,0.9428301462404045,0.9428505487184135,0.9326475429690195,0.9494445402944863,400,0.7095119446625933,0.7655135615733504,400,0.8068505360406206,0.8469031082389208,400,0.9305263365179874,0.954380876897315,400,0.9304922581449919,0.9545253689647915,400,0.02865558429850687,0.034154337485782525,400,
benchmark_unseen_in_any_development,46814,28217,18597,41306,26445,14896,0.8631127466983196,13307,934,5290,27283,0.9344147180675514,0.7155455180943163,0.8104634874231074,0.033100613105574654,0.9361963676463467,0.936201919372371,0.9287589182199979,0.9397164961475104,400,0.7029716436152552,0.7288046132074579,400,0.8011327971764749,0.8203628296584358,400,0.9309462365351675,0.9415321072056955,400,0.930954390398772,0.9415686374455687,400,0.030633438493681373,0.035273180163782065,400,
three_way_grouped_seed_42,30754,13248,17506,16459,8340,8182,0.8856722127727313,13290,95,4216,13153,0.9929025028016436,0.759168285159374,0.8604447897445858,0.007170893719806763,0.9800931806810153,0.980263189705436,0.9867830003649712,0.9958092634256287,400,0.6262006705984409,0.8355671837784455,400,0.766037800080051,0.9083081045514517,400,0.951209125256229,0.9936128610534708,400,0.9513069521173402,0.9939476974649917,400,0.0047118161704632795,0.010353095288450518,400,
three_way_grouped_seed_43,27012,10563,16449,16509,8298,8282,0.8961892991237171,11257,199,5192,10364,0.9826291899441341,0.6843577117149978,0.8068088156244401,0.01883934488308246,0.9792776463608202,0.9793438762603757,0.9563746045447014,0.9945893814067603,400,0.5482077965090488,0.7760311397905847,400,0.7003219095527587,0.8704599149951895,400,0.9567413697654028,0.9907733603277633,400,0.9564037378504431,0.9911553326530791,400,0.0068815883039914745,0.03996120216402279,400,
three_way_grouped_seed_44,28348,13141,15207,16504,8285,8278,0.8873673484681391,10773,104,4434,13037,0.9904385400386135,0.7084237522193727,0.8260236160098144,0.00791416178373031,0.9707108169530616,0.970957789817098,0.9854651468629609,0.993624993667666,400,0.6124348348354421,0.7859015409245547,400,0.7557695556161028,0.8775826848361613,400,0.9353474528624066,0.9889590409373229,400,0.9352886448647246,0.9895648728688498,400,0.00506979083165267,0.011168670751789601,400,
withheld_family_Analysis,15248,13248,2000,8854,8340,517,0.8780771763917271,1200,95,800,13153,0.9266409266409267,0.6,0.7283763277693475,0.007170893719806763,0.7969671376751141,0.8062976518721401,0.8077313262918222,0.9632909137787694,400,0.30355765246406946,0.7594734201431276,400,0.44319035931150413,0.8452322564501352,400,0.5795619650801891,0.8843871352319119,400,0.5947166455494429,0.9033582910063096,400,0.004764040103783187,0.010339379645528569,400,
withheld_family_Backdoor,14994,13248,1746,8880,8340,545,0.8743330930895533,1250,95,496,13153,0.929368029739777,0.715922107674685,0.8087997411840828,0.007170893719806763,0.8648177252109883,0.8721090536879412,0.8498594264599567,0.9631522293008332,400,0.44840172377822984,0.8646735702497905,400,0.5945940123665242,0.909375661929149,400,0.7499620209059313,0.9212086457401457,400,0.7650528858913034,0.9332845692083906,400,0.0047676238615545884,0.010638702678195536,400,
withheld_family_DoS,25512,13248,12264,11078,8340,2747,0.8729479537724804,8967,87,3297,13161,0.9903909874088801,0.7311643835616438,0.8412609062763862,0.006567028985507246,0.9788951007324385,0.9798169762740784,0.9762515683216328,0.9948331585501791,400,0.483443554578375,0.8625635735769523,400,0.6480711113082785,0.9228104732063301,400,0.9490074647537867,0.9887905911187499,400,0.9527262243871044,0.9902837701045442,400,0.004187345661163065,0.009711344357301683,400,
withheld_family_Exploits,46641,13248,33393,27032,8340,18707,0.8481001565430693,17747,97,15646,13151,0.99456399910334,0.5314586889467853,0.6927415734722954,0.007321859903381643,0.9904411821503455,0.9905258928142507,0.9912607919768837,0.9965307905603906,400,0.41788101865620036,0.6279450023851719,400,0.5878732122884552,0.7705183027422569,400,0.9853051706797097,0.9936455801228983,400,0.98538932514964,0.993826596613634,400,0.004780122648784352,0.010678644558104682,400,
withheld_family_Fuzzers,31432,13248,18184,21118,8340,12827,0.7677624261407426,3012,176,15172,13072,0.944792973651192,0.16564012318521779,0.2818641212801797,0.013285024154589372,0.9145845608484283,0.9163952498841988,0.9060278868572831,0.9697558509371462,400,0.11775353855067698,0.21558036294466432,400,0.20913975656160827,0.35161455386883916,400,0.8885790886595093,0.9334798647144635,400,0.8899972474140149,0.9388825338476352,400,0.006661415422306432,0.02456829693035074,400,
withheld_family_Generic,53248,13248,40000,9024,8340,689,0.8610168694417113,39666,108,334,13140,0.9972846583195052,0.99165,0.9944593476571314,0.008152173913043478,0.9970618380811327,0.9978928586802527,0.9924581693797245,0.998599281884124,400,0.9765681547586196,0.9958833353485625,400,0.9847502169680282,0.9971105997778965,400,0.986065184357038,0.9983306923703739,400,0.9942575235021597,0.9990734817598607,400,0.004982155082729396,0.011292633126801087,400,
withheld_family_Reconnaissance,23739,13248,10491,13695,8340,5363,0.854584194296792,2653,117,7838,13131,0.9577617328519855,0.25288342388714136,0.40012065455093887,0.008831521739130434,0.9322734274748609,0.933678366274069,0.9337280026658626,0.9739282480716861,400,0.15955228789614398,0.35432072551137406,400,0.2731824645392459,0.519175631215756,400,0.8966255420003748,0.9512548778070787,400,0.8987427809225527,0.9541277184153711,400,0.005792419921974635,0.012614925642523598,400,
withheld_family_Shellcode,14381,13248,1133,9286,8340,954,0.8750620085147379,350,96,783,13152,0.7847533632286996,0.3089143865842895,0.44331855604813175,0.007246376811594203,0.6770695721295535,0.6776412930248885,0.7432815882034631,0.8274651323643667,400,0.2762461339949879,0.3413794089243438,400,0.4053476844639569,0.4809383322559793,400,0.6389853012275604,0.7132023641028474,400,0.6405992644963392,0.7137514657344342,400,0.004599852412392795,0.010174756395286746,400,
withheld_family_Worms,13378,13248,130,8462,8340,122,0.8845279726112555,51,93,79,13155,0.3541666666666667,0.3923076923076923,0.3722627737226277,0.007019927536231884,0.408231831822635,0.4099445703936679,0.2689407257155736,0.43720389409859517,400,0.3015679442508711,0.4792968749999999,400,0.29131318262636524,0.445273913375213,400,0.3208910711195366,0.4887672015198497,400,0.32494447935734044,0.4916450479669845,400,0.0045913366177554055,0.01029441767172337,400,
